{"cameraMode":{"drawMode":0,"name":"Shaded","section":"Shading Mode"},"sceneLighting":false,"audioPlay":false,"sceneViewState":{"m_AlwaysRefresh":false,"showFog":true,"showSkybox":false,"showFlares":true,"showImageEffects":true,"showParticleSystems":true,"showVisualEffectGraphs":true,"m_FxEnabled":true},"in2DMode":false,"pivot":{"x":-0.053788185119628909,"y":3.1460704803466799,"z":-0.5286331176757813},"rotation":{"x":0.16701197624206544,"y":-0.6620189547538757,"z":0.1548873782157898,"w":0.7140934467315674},"size":6.307032585144043,"orthographic":false}